,City,Cloudiness,Country,Date,Lat,Lng,Humidity,Max Temp.,Wind Speed
0,aleksandrov gay,0,MZ,1569693766,-24.71,33.88,95,64.79,4.27
1,aleksandrov gay,75,AR,1569693528,-54.81,-68.31,46,53.6,10.29
2,aleksandrov gay,98,ID,1569693766,-0.02,109.34,75,81.35,5.99
3,aleksandrov gay,40,MU,1569693447,-20.41,57.7,78,73.99,13.87
4,aleksandrov gay,95,ZA,1569693536,-33.59,26.89,90,66.0,4.25
5,aleksandrov gay,18,PG,1569693623,-2.57,150.8,72,82.61,3.27
6,aleksandrov gay,1,US,1569693331,64.84,-147.72,92,37.99,2.28
7,aleksandrov gay,75,CL,1569693527,-53.16,-70.91,76,51.8,8.05
8,aleksandrov gay,1,US,1569693565,37.47,-105.87,48,64.4,3.36
9,aleksandrov gay,1,IN,1569693767,11.67,92.75,81,82.25,7.94
10,aleksandrov gay,56,KI,1569693536,3.07,172.79,72,82.61,9.24
11,aleksandrov gay,20,EC,1569693533,-0.74,-90.35,57,77.0,18.34
12,aleksandrov gay,75,US,1569693529,42.65,-73.75,64,81.0,3.49
13,aleksandrov gay,2,CV,1569693605,14.9,-24.5,80,78.29,16.89
14,aleksandrov gay,83,PL,1569693768,54.58,16.86,85,57.41,10.33
15,aleksandrov gay,75,ES,1569693768,28.66,-17.92,73,75.2,9.17
16,aleksandrov gay,100,BR,1569693768,-14.26,-43.16,28,91.25,5.91
17,aleksandrov gay,90,AU,1569693635,-33.86,121.89,87,53.6,8.05
18,aleksandrov gay,100,RU,1569693550,64.42,-173.23,99,40.67,3.29
19,aleksandrov gay,40,CA,1569693569,65.28,-126.83,74,35.6,3.36
20,aleksandrov gay,100,RU,1569693529,68.75,161.3,97,31.13,8.5
21,aleksandrov gay,100,RU,1569693565,68.05,39.51,95,40.67,7.85
22,aleksandrov gay,1,US,1569693683,39.15,-123.21,44,66.0,9.17
23,aleksandrov gay,88,RU,1569693582,73.51,80.55,83,32.57,7.4
24,aleksandrov gay,40,GY,1569693399,6.8,-58.16,74,87.8,16.11
25,aleksandrov gay,38,MG,1569693769,-25.18,46.09,84,71.81,7.38
26,aleksandrov gay,49,PF,1569693528,-23.12,-134.97,82,74.33,13.78
27,aleksandrov gay,0,EG,1569693770,28.42,30.79,32,81.89,12.77
28,aleksandrov gay,11,AR,1569693527,-38.31,-60.23,52,74.69,15.79
29,aleksandrov gay,28,BS,1569693771,26.54,-77.06,82,80.99,17.67
30,aleksandrov gay,0,AU,1569693771,-20.74,116.85,45,65.69,9.22
31,aleksandrov gay,19,AU,1569693528,-33.64,115.35,66,57.0,13.62
32,aleksandrov gay,67,ID,1569693771,5.56,95.32,74,82.43,9.51
33,aleksandrov gay,0,AR,1569693771,-29.14,-59.64,32,87.65,5.91
34,aleksandrov gay,75,IN,1569693542,15.34,74.49,92,74.15,2.01
35,aleksandrov gay,90,CL,1569693622,-41.87,-73.83,100,48.2,19.46
36,aleksandrov gay,75,US,1569693530,19.71,-155.08,57,80.6,5.82
37,aleksandrov gay,0,PF,1569693535,-9.8,-139.03,71,80.27,17.56
38,aleksandrov gay,39,RU,1569693529,71.97,114.09,90,25.01,6.53
39,aleksandrov gay,86,ML,1569693772,16.77,-3.01,10,103.13,7.23
40,aleksandrov gay,90,CA,1569693508,62.45,-114.38,80,35.6,6.93
41,aleksandrov gay,100,MX,1569693772,16.18,-95.2,92,77.03,8.41
42,aleksandrov gay,75,AU,1569693397,-42.88,147.33,61,50.0,16.11
43,aleksandrov gay,100,RU,1569693579,70.62,147.9,96,26.45,3.42
44,aleksandrov gay,100,ZA,1569693534,-34.42,19.24,81,69.01,10.0
45,aleksandrov gay,99,BT,1569693772,27.59,91.87,93,53.09,1.83
46,aleksandrov gay,0,PE,1569693537,-13.71,-76.2,30,71.6,9.17
47,aleksandrov gay,20,BR,1569693772,-3.71,-38.6,58,86.0,14.99
48,aleksandrov gay,90,MX,1569693772,16.38,-93.6,78,80.6,4.7
49,aleksandrov gay,95,NZ,1569693408,-46.19,168.86,78,48.99,10.0
50,aleksandrov gay,55,AU,1569693537,-23.58,149.07,85,62.45,2.24
51,aleksandrov gay,27,AU,1569693773,-23.53,148.16,52,69.8,3.36
52,aleksandrov gay,1,US,1569693615,40.77,-72.85,60,80.01,18.34
53,aleksandrov gay,40,MX,1569693307,22.89,-109.91,65,87.01,4.7
54,aleksandrov gay,0,ZA,1569693467,-33.93,18.42,64,69.8,11.41
55,aleksandrov gay,5,PT,1569693540,41.42,-6.55,33,71.63,1.12
56,aleksandrov gay,100,HN,1569693773,14.68,-86.92,60,84.41,1.79
57,aleksandrov gay,91,CD,1569693774,-2.95,25.92,88,74.33,2.8
58,aleksandrov gay,19,NZ,1569693774,-39.0,174.24,94,51.01,10.0
59,aleksandrov gay,75,US,1569693522,27.1,-82.45,62,93.0,9.17
60,aleksandrov gay,1,BR,1569693617,-2.92,-39.92,46,88.91,15.01
61,aleksandrov gay,100,MV,1569693537,-0.6,73.08,70,83.15,8.46
62,aleksandrov gay,0,RU,1569693555,46.45,135.83,86,54.17,4.74
63,aleksandrov gay,100,RU,1569693774,54.33,80.49,61,38.33,7.45
64,aleksandrov gay,75,US,1569693774,30.3,-99.24,52,90.0,12.75
65,aleksandrov gay,40,BR,1569693775,-20.25,-43.81,54,80.6,8.05
66,aleksandrov gay,90,CA,1569693548,50.2,-66.38,81,52.0,4.7
67,aleksandrov gay,100,RU,1569693775,57.27,103.75,66,37.97,4.92
68,aleksandrov gay,79,NZ,1569693558,-46.28,169.85,68,46.99,1.99
69,aleksandrov gay,99,CM,1569693775,3.98,13.18,96,70.01,2.46
70,aleksandrov gay,35,NZ,1569693538,-35.17,173.16,100,48.0,13.2
71,aleksandrov gay,75,JP,1569693775,34.18,134.62,94,75.2,1.12
72,aleksandrov gay,99,LK,1569693618,6.12,81.12,79,80.81,8.41
73,aleksandrov gay,0,IS,1569693599,63.84,-22.43,76,55.4,16.11
74,aleksandrov gay,75,US,1569693512,34.64,-120.46,82,72.0,15.37
75,aleksandrov gay,75,CA,1569693555,69.44,-133.03,78,32.0,3.36
76,aleksandrov gay,40,RU,1569693535,59.7,30.79,87,48.0,6.71
77,aleksandrov gay,98,CD,1569693776,-3.59,26.67,90,71.99,2.68
78,aleksandrov gay,0,AU,1569693429,-33.21,138.6,71,41.93,3.4
79,aleksandrov gay,0,PT,1569693776,39.82,-7.5,44,69.01,4.83
80,aleksandrov gay,59,NC,1569693776,-20.95,164.69,81,69.47,4.59
81,aleksandrov gay,90,CA,1569693573,50.23,-63.6,66,53.6,3.15
82,aleksandrov gay,0,PT,1569693588,37.14,-8.45,69,79.0,8.05
83,aleksandrov gay,66,CK,1569693572,-21.21,-159.78,88,69.8,2.24
84,aleksandrov gay,100,IN,1569693631,30.78,78.62,97,39.41,2.46
85,aleksandrov gay,97,CF,1569693777,4.32,17.47,93,71.45,2.28
86,aleksandrov gay,90,CA,1569693629,63.75,-68.52,100,39.2,5.82
87,aleksandrov gay,90,BR,1569693661,-23.99,-46.26,88,66.2,2.24
88,aleksandrov gay,75,PT,1569693579,38.52,-28.7,88,75.2,13.87
89,aleksandrov gay,20,FR,1569693539,48.95,4.24,77,62.6,9.17
90,aleksandrov gay,1,US,1569693558,39.62,-77.74,66,89.01,6.93
91,aleksandrov gay,90,US,1569693600,60.79,-161.76,93,48.2,10.29
92,aleksandrov gay,67,RU,1569693615,50.68,156.12,86,48.05,13.29
93,aleksandrov gay,75,NO,1569693540,78.22,15.63,63,28.4,4.7
94,aleksandrov gay,47,MM,1569693777,17.95,96.73,95,73.25,2.86
95,aleksandrov gay,29,PG,1569693570,-2.02,147.27,82,78.47,2.33
96,aleksandrov gay,3,TD,1569693778,13.64,16.49,23,94.13,5.55
97,aleksandrov gay,0,ZM,1569693778,-13.64,32.65,26,71.81,4.94
98,aleksandrov gay,33,RU,1569693778,48.12,132.48,90,57.77,6.02
99,aleksandrov gay,0,AU,1569693778,-34.18,142.16,66,48.2,6.93
100,aleksandrov gay,62,UY,1569693547,-33.69,-53.46,69,59.39,14.94
101,aleksandrov gay,87,RU,1569693633,67.8,130.41,84,15.65,4.99
102,aleksandrov gay,0,NG,1569693778,10.31,9.75,49,80.27,2.15
103,aleksandrov gay,0,CN,1569693779,28.28,112.55,73,69.8,2.24
104,aleksandrov gay,69,RU,1569693564,69.38,178.42,80,37.07,5.97
105,aleksandrov gay,75,AU,1569693542,-42.78,147.06,61,50.0,16.11
106,aleksandrov gay,41,BR,1569693581,-30.17,-50.22,58,66.05,17.65
107,aleksandrov gay,100,RU,1569693570,69.7,170.27,97,35.81,16.31
108,aleksandrov gay,40,PH,1569693779,14.29,120.72,83,84.2,8.05
109,aleksandrov gay,20,ZA,1569693537,-33.02,27.91,93,66.2,5.82
110,aleksandrov gay,75,BR,1569693538,-22.97,-42.02,73,75.2,13.87
111,aleksandrov gay,95,RU,1569693779,49.7,39.85,50,55.07,4.41
112,aleksandrov gay,0,EG,1569693779,24.09,32.9,14,88.37,13.38
113,aleksandrov gay,0,NA,1569693437,-26.65,15.16,82,60.8,3.36
114,aleksandrov gay,100,RU,1569693779,51.85,109.91,73,38.51,3.13
115,aleksandrov gay,51,MG,1569693780,-25.17,45.06,78,70.19,8.46
116,aleksandrov gay,90,PG,1569693555,-10.62,150.67,95,74.15,4.99
117,aleksandrov gay,84,ET,1569693571,8.96,38.73,89,55.61,4.12
118,aleksandrov gay,100,NO,1569693780,71.0,24.66,86,37.4,13.87
119,aleksandrov gay,75,RU,1569693781,53.25,50.49,75,41.0,4.47
120,aleksandrov gay,85,PH,1569693590,17.54,120.52,91,74.51,3.51
121,aleksandrov gay,90,RU,1569693730,64.54,40.54,81,44.6,4.47
122,aleksandrov gay,98,RU,1569693781,60.89,131.98,89,29.69,11.92
123,aleksandrov gay,82,RU,1569693554,71.64,128.87,91,26.99,6.93
124,aleksandrov gay,45,PG,1569693782,-2.67,141.3,78,79.73,6.08
125,aleksandrov gay,100,ET,1569693782,11.92,37.7,74,73.07,17.43
126,aleksandrov gay,86,SO,1569693751,2.04,45.34,81,77.57,15.3
127,aleksandrov gay,43,RU,1569693782,51.96,58.16,87,33.47,7.65
128,aleksandrov gay,40,MU,1569693556,-20.34,57.76,78,73.99,13.87
129,aleksandrov gay,0,GL,1569693556,72.79,-56.15,64,40.31,3.22
130,aleksandrov gay,88,ID,1569693782,-2.97,119.9,98,57.77,2.37
131,aleksandrov gay,0,SO,1569693563,5.35,48.53,85,76.67,19.57
132,aleksandrov gay,40,MU,1569693581,-20.21,57.76,78,73.99,13.87
133,aleksandrov gay,2,SA,1569693488,21.43,39.83,46,87.65,5.32
134,aleksandrov gay,0,CN,1569693783,24.41,109.6,53,70.91,2.04
135,aleksandrov gay,72,RU,1569693571,71.98,102.47,73,26.81,3.06
136,aleksandrov gay,3,TZ,1569693783,-4.58,38.35,58,71.09,0.85
137,aleksandrov gay,100,RU,1569693598,59.58,151.3,52,38.69,10.42
138,aleksandrov gay,0,TR,1569693783,40.49,29.31,68,70.0,5.82
139,aleksandrov gay,0,NO,1569693783,67.03,14.03,87,48.0,1.12
140,aleksandrov gay,1,IR,1569693783,26.56,54.88,75,91.4,6.93
141,aleksandrov gay,100,RU,1569693784,57.63,92.27,90,37.25,12.08
142,aleksandrov gay,43,OM,1569693784,22.93,57.53,46,82.25,1.01
143,aleksandrov gay,100,ZA,1569693552,-34.0,24.73,90,61.73,9.1
144,aleksandrov gay,0,AR,1569693548,-46.43,-67.52,30,66.23,28.34
145,aleksandrov gay,79,RU,1569693785,51.5,44.48,59,48.95,4.14
146,aleksandrov gay,40,CO,1569693785,5.66,-67.63,55,91.4,1.74
147,aleksandrov gay,40,AR,1569693590,-45.87,-67.48,30,71.6,21.92
148,aleksandrov gay,93,RU,1569693785,56.76,48.47,81,39.77,5.12
149,aleksandrov gay,60,JP,1569693786,31.5,131.29,78,73.0,11.99
150,aleksandrov gay,5,GL,1569693578,65.61,-37.64,57,50.0,4.0
151,aleksandrov gay,0,NC,1569693552,-22.28,166.46,82,73.99,2.24
152,aleksandrov gay,83,KZ,1569693786,47.8,67.71,39,47.69,6.98
153,aleksandrov gay,0,GL,1569693584,65.42,-52.9,62,43.19,5.59
154,aleksandrov gay,75,JP,1569693643,33.93,134.5,94,73.4,1.12
155,aleksandrov gay,90,US,1569693485,60.55,-151.26,81,46.0,6.93
156,aleksandrov gay,0,CL,1569693787,-35.11,-71.28,52,66.2,6.93
157,aleksandrov gay,80,PH,1569693787,11.0,122.67,89,74.15,0.67
158,aleksandrov gay,90,US,1569693637,44.37,-100.35,76,52.0,11.41
159,aleksandrov gay,95,TL,1569693568,-8.93,125.41,74,67.85,3.71
160,aleksandrov gay,100,ZA,1569693538,-34.53,20.04,72,64.99,11.41
161,aleksandrov gay,71,ML,1569693788,11.94,-8.41,73,81.71,3.76
162,aleksandrov gay,90,CA,1569693553,47.66,-52.73,82,62.01,14.99
163,aleksandrov gay,90,CL,1569693540,-42.48,-73.76,100,48.2,19.46
164,aleksandrov gay,0,MR,1569693788,20.93,-17.03,64,75.2,20.8
165,aleksandrov gay,100,RU,1569693536,59.36,143.24,92,38.51,20.09
166,aleksandrov gay,75,EC,1569693788,0.12,-76.97,70,84.2,2.24
167,aleksandrov gay,25,PE,1569693572,-5.56,-80.82,95,61.55,16.8
168,aleksandrov gay,78,ET,1569693789,5.65,37.37,40,83.87,2.59
169,aleksandrov gay,100,IN,1569693789,26.0,92.85,89,72.35,2.73
170,aleksandrov gay,0,RU,1569693789,52.9,83.53,62,42.8,6.71
171,aleksandrov gay,100,ID,1569693789,-0.92,100.36,86,78.65,16.17
172,aleksandrov gay,12,AU,1569693499,-32.49,137.76,81,53.6,9.17
173,aleksandrov gay,92,RU,1569693619,67.46,153.71,95,23.93,6.51
174,aleksandrov gay,75,US,1569693536,40.48,-106.83,34,73.4,6.93
175,aleksandrov gay,1,US,1569693499,42.59,-72.6,44,81.0,13.87
176,aleksandrov gay,75,JP,1569693576,35.73,140.83,88,73.4,4.7
177,aleksandrov gay,90,MX,1569693790,20.71,-105.21,83,86.0,3.36
178,aleksandrov gay,52,PG,1569693790,-4.34,152.27,95,69.11,2.46
179,aleksandrov gay,73,AU,1569693790,-38.19,146.54,86,48.0,1.99
180,aleksandrov gay,15,RU,1569693533,63.05,179.32,97,35.09,1.97
181,aleksandrov gay,56,DE,1569693790,53.36,13.06,87,57.99,9.69
182,aleksandrov gay,69,EE,1569693597,59.1,26.19,87,48.41,9.01
183,aleksandrov gay,75,BN,1569693420,5.28,115.24,88,78.8,2.66
184,aleksandrov gay,20,US,1569693538,22.08,-159.32,74,82.4,3.36
185,aleksandrov gay,75,US,1569693588,39.31,-74.98,58,87.01,6.93
186,aleksandrov gay,100,IN,1569693791,26.16,85.9,95,72.17,19.15
187,aleksandrov gay,89,BR,1569693791,-17.57,-52.55,31,90.53,7.16
188,aleksandrov gay,0,CN,1569693791,41.81,126.91,93,50.21,1.48
189,aleksandrov gay,5,CN,1569693791,22.76,100.79,95,59.21,1.12
190,aleksandrov gay,12,PF,1569693587,-16.48,-151.75,83,79.01,17.29
191,aleksandrov gay,100,SA,1569693561,18.39,42.45,52,87.65,4.74
192,aleksandrov gay,100,KZ,1569693639,48.59,57.19,56,48.59,7.56
193,aleksandrov gay,100,ID,1569693588,4.14,96.13,78,80.09,5.1
194,aleksandrov gay,75,CA,1569693287,55.74,-97.86,52,41.0,18.34
195,aleksandrov gay,70,OM,1569693792,17.01,54.1,81,78.11,8.5
196,aleksandrov gay,98,IN,1569693616,10.57,72.64,72,82.61,5.35
197,aleksandrov gay,1,PG,1569693591,-6.22,155.63,79,78.83,6.73
198,aleksandrov gay,7,AU,1569693588,-31.43,152.91,93,53.01,2.33
199,aleksandrov gay,0,AU,1569693621,-34.72,135.86,69,53.99,10.42
200,aleksandrov gay,0,PY,1569693589,-26.98,-56.83,26,92.69,1.97
201,aleksandrov gay,40,BR,1569693793,-10.15,-67.74,49,91.4,8.05
202,aleksandrov gay,100,IN,1569693793,21.35,74.88,92,76.49,5.7
203,aleksandrov gay,0,IR,1569693793,25.29,60.65,75,82.61,5.28
204,aleksandrov gay,0,KE,1569693793,1.75,40.07,43,89.6,12.86
205,aleksandrov gay,0,NG,1569693794,11.99,8.53,55,89.6,3.36
206,aleksandrov gay,100,ID,1569693794,-3.36,135.5,99,68.75,1.19
207,aleksandrov gay,40,NI,1569693794,12.92,-85.84,57,80.6,1.63
208,aleksandrov gay,100,BR,1569693635,-17.73,-39.27,82,74.51,11.83
209,aleksandrov gay,94,RU,1569693794,67.47,78.7,97,32.03,3.96
210,aleksandrov gay,75,GL,1569693533,60.91,-46.05,59,51.8,5.82
211,aleksandrov gay,17,AU,1569693794,-31.97,141.45,29,51.8,4.7
212,aleksandrov gay,80,ID,1569693794,1.74,98.78,79,80.63,10.45
213,aleksandrov gay,36,BR,1569693562,-20.63,-46.0,44,79.37,7.36
214,aleksandrov gay,20,GR,1569693584,39.45,22.34,60,73.4,6.93
215,aleksandrov gay,90,CL,1569693738,-41.32,-72.98,81,53.6,14.99
216,aleksandrov gay,1,US,1569693795,40.97,-117.74,47,55.4,12.75
217,aleksandrov gay,100,RU,1569693795,67.47,86.57,98,32.93,6.73
218,aleksandrov gay,56,SA,1569693617,16.89,42.56,67,89.45,2.48
219,aleksandrov gay,59,ZA,1569693529,-30.97,22.13,9,67.49,11.18
220,aleksandrov gay,0,GR,1569693795,38.78,21.12,73,75.2,8.05
221,aleksandrov gay,75,US,1569693591,30.04,-94.42,59,91.0,11.41
222,aleksandrov gay,22,RU,1569693796,61.01,62.0,95,28.79,4.38
223,aleksandrov gay,90,CA,1569693417,45.63,-73.98,100,64.99,4.7
224,aleksandrov gay,75,CA,1569693532,54.77,-101.88,38,42.8,11.41
225,aleksandrov gay,5,CA,1569693542,50.7,-127.42,50,53.6,6.93
226,aleksandrov gay,75,BR,1569693637,-21.64,-41.05,65,77.0,16.11
227,aleksandrov gay,75,CA,1569693539,55.1,-105.3,52,41.0,10.29
228,aleksandrov gay,0,CH,1569693771,46.29,7.88,52,64.4,13.87
229,aleksandrov gay,98,BR,1569693796,-17.32,-53.22,34,88.91,3.89
230,aleksandrov gay,0,FR,1569693796,45.6,-0.6,60,69.01,3.36
231,aleksandrov gay,8,GL,1569693547,77.48,-69.36,62,35.27,8.25
232,aleksandrov gay,1,US,1569693585,48.11,-98.87,61,50.0,11.41
233,aleksandrov gay,0,CN,1569693796,34.5,109.46,88,69.01,4.47
234,aleksandrov gay,95,RU,1569693797,67.55,63.78,92,28.07,6.24
235,aleksandrov gay,1,CA,1569693664,54.32,-130.32,76,48.2,4.7
236,aleksandrov gay,78,TH,1569693797,11.21,99.51,80,79.19,4.07
237,aleksandrov gay,4,RU,1569693797,60.71,114.91,90,29.15,2.51
238,aleksandrov gay,0,PL,1569693565,50.9,18.94,76,57.2,8.05
239,aleksandrov gay,40,RU,1569693797,65.95,111.51,74,28.4,2.24
240,aleksandrov gay,0,PT,1569693797,40.36,-7.35,55,73.99,1.99
241,aleksandrov gay,100,RU,1569693797,61.68,96.39,77,29.33,7.72
242,aleksandrov gay,0,MX,1569693798,26.44,-109.02,57,90.0,7.0
243,aleksandrov gay,100,JP,1569693615,33.72,135.99,97,63.89,3.44
244,aleksandrov gay,51,CO,1569693798,7.17,-75.76,83,69.83,1.72
245,aleksandrov gay,0,ES,1569693798,43.27,-7.54,72,68.0,2.24
246,aleksandrov gay,20,CO,1569693798,11.78,-72.45,50,95.0,13.87
247,aleksandrov gay,0,RU,1569693798,52.0,127.67,59,38.15,14.72
248,aleksandrov gay,50,HT,1569693569,18.56,-74.26,70,85.49,6.62
249,aleksandrov gay,99,KZ,1569693799,51.1,66.31,75,43.73,19.51
250,aleksandrov gay,20,NA,1569693799,-22.12,14.28,87,63.0,5.99
251,aleksandrov gay,0,BR,1569693799,-29.62,-54.18,53,75.2,10.29
252,aleksandrov gay,42,NG,1569693799,8.85,5.42,78,80.45,2.42
253,aleksandrov gay,0,LY,1569693799,31.86,10.98,34,78.47,9.24
254,aleksandrov gay,20,GF,1569693603,4.94,-52.33,59,89.6,12.75
255,aleksandrov gay,33,AR,1569693800,-40.81,-62.99,19,81.17,18.66
256,aleksandrov gay,87,VU,1569693800,-19.55,169.27,80,73.25,8.59
257,aleksandrov gay,100,JP,1569693800,39.28,141.86,62,55.79,1.1
258,aleksandrov gay,9,SD,1569693619,13.6,26.69,31,91.79,10.04
259,aleksandrov gay,40,PL,1569693547,52.23,21.01,77,63.0,3.36
260,aleksandrov gay,86,PH,1569693800,5.47,120.8,67,82.79,5.46
261,aleksandrov gay,100,IN,1569693800,18.77,84.08,94,72.53,1.23
262,aleksandrov gay,90,US,1569693535,39.95,-94.76,93,63.0,9.17
263,aleksandrov gay,0,TR,1569693801,38.4,33.41,38,65.15,3.09
264,aleksandrov gay,55,PH,1569693801,10.89,124.46,84,78.47,2.64
265,aleksandrov gay,100,FO,1569693616,62.23,-6.59,87,51.8,4.7
266,aleksandrov gay,90,US,1569693679,48.2,-114.32,44,43.0,26.4
267,aleksandrov gay,97,CA,1569693623,46.12,-70.67,48,63.0,1.01
268,aleksandrov gay,99,CN,1569693801,44.3,86.03,47,66.41,3.18
269,aleksandrov gay,17,BO,1569693801,-20.46,-66.82,5,68.57,2.48
270,aleksandrov gay,40,CA,1569693562,58.81,-122.69,61,35.6,3.31
271,aleksandrov gay,100,GH,1569693801,4.87,-2.24,88,77.39,11.34
272,aleksandrov gay,0,EG,1569693802,26.55,31.7,29,81.89,10.47
273,aleksandrov gay,53,VN,1569693802,10.35,107.08,78,80.27,10.67
274,aleksandrov gay,16,GF,1569693802,4.27,-54.38,36,96.83,4.54
275,aleksandrov gay,0,MM,1569693592,25.38,97.4,69,72.53,2.62
276,aleksandrov gay,0,PT,1569693802,37.31,-8.8,78,81.0,1.01
277,aleksandrov gay,0,NE,1569693802,18.69,12.92,9,95.93,8.12
278,aleksandrov gay,40,PT,1569693578,37.72,-25.43,83,75.2,11.41
279,aleksandrov gay,75,DK,1569693802,56.13,9.56,93,57.2,10.29
280,aleksandrov gay,90,CA,1569693567,45.36,-73.48,93,64.99,10.29
281,aleksandrov gay,43,NZ,1569693595,-35.1,173.78,100,48.0,2.84
282,aleksandrov gay,100,PH,1569693803,12.42,124.18,79,82.79,10.27
283,aleksandrov gay,68,AU,1569693803,-34.29,146.06,87,44.6,3.36
284,aleksandrov gay,3,NZ,1569693589,-39.94,176.59,76,50.0,14.0
285,aleksandrov gay,86,CA,1569693532,43.74,-81.71,90,63.0,14.7
286,aleksandrov gay,20,BB,1569693753,13.07,-59.53,66,87.8,12.75
287,aleksandrov gay,0,CL,1569693572,-29.95,-71.34,63,60.8,13.87
288,aleksandrov gay,0,IS,1569693598,63.44,-20.27,87,50.0,6.93
289,aleksandrov gay,21,UY,1569693588,-34.48,-54.34,59,65.87,9.42
290,aleksandrov gay,0,CN,1569693803,40.22,116.23,93,75.99,2.24
291,aleksandrov gay,0,VN,1569693803,18.67,105.69,83,70.19,2.59
292,aleksandrov gay,79,BR,1569693804,-12.74,-60.15,39,91.79,4.92
293,aleksandrov gay,14,PG,1569693804,-4.06,144.07,98,72.35,1.74
294,aleksandrov gay,38,AU,1569693804,-32.55,115.7,100,57.0,6.93
295,aleksandrov gay,90,RU,1569693804,54.04,43.26,64,46.79,2.3
296,aleksandrov gay,20,BR,1569693805,-10.76,-37.31,69,82.4,16.11
297,aleksandrov gay,100,RU,1569693805,59.7,150.17,56,31.31,4.38
298,aleksandrov gay,75,US,1569693539,40.8,-124.16,71,59.0,5.82
299,aleksandrov gay,90,US,1569693805,43.97,-111.68,81,48.99,4.7
300,aleksandrov gay,17,AU,1569693806,-23.7,133.88,34,64.4,11.34
301,aleksandrov gay,75,BO,1569693806,-10.82,-65.36,55,91.4,8.05
302,aleksandrov gay,75,CL,1569693806,-36.72,-73.12,76,55.4,6.93
303,aleksandrov gay,20,CA,1569693607,54.78,-127.17,61,32.0,4.7
304,aleksandrov gay,1,US,1569693807,34.88,-76.9,49,90.0,5.82
305,aleksandrov gay,100,FO,1569693436,62.16,-7.17,87,51.8,4.7
306,aleksandrov gay,75,CA,1569693556,54.13,-108.44,60,39.2,6.93
307,aleksandrov gay,75,IE,1569693807,51.89,-8.4,100,55.4,21.92
308,aleksandrov gay,75,CA,1569693638,50.1,-91.92,56,44.6,12.75
309,aleksandrov gay,90,BR,1569693808,-32.03,-52.1,64,68.0,12.75
310,aleksandrov gay,0,AU,1569693657,-34.85,139.16,76,50.0,6.93
311,aleksandrov gay,0,NC,1569693808,-21.69,165.68,82,64.4,2.24
312,aleksandrov gay,61,ML,1569693612,13.58,-8.03,53,88.01,6.13
313,aleksandrov gay,0,MK,1569693563,41.28,20.71,77,60.8,3.36
314,aleksandrov gay,0,AR,1569693808,-26.79,-60.44,20,97.19,4.18
315,aleksandrov gay,40,US,1569693535,30.37,-88.56,52,91.99,8.05
316,aleksandrov gay,98,JP,1569693633,34.68,135.8,88,75.99,2.24
317,aleksandrov gay,16,CD,1569693808,-7.04,29.77,52,67.31,1.52
318,aleksandrov gay,99,RU,1569693809,64.27,100.22,75,27.71,2.13
319,aleksandrov gay,75,PE,1569693809,-6.87,-78.15,40,68.0,4.7
320,aleksandrov gay,100,ID,1569693582,-0.9,119.87,96,72.71,5.03
321,aleksandrov gay,55,NU,1569693574,-19.06,-169.92,83,71.6,5.82
322,aleksandrov gay,18,CA,1569693551,60.75,-137.51,40,34.19,3.29
323,aleksandrov gay,75,CM,1569693809,3.63,9.81,94,78.8,3.36
324,aleksandrov gay,53,RU,1569693809,51.2,49.73,65,44.81,7.58
325,aleksandrov gay,5,MX,1569693809,28.39,-105.62,41,77.0,5.82
326,aleksandrov gay,66,RU,1569693622,66.77,123.37,82,26.63,2.33
327,aleksandrov gay,40,IN,1569693810,9.96,76.25,88,78.8,2.24
328,aleksandrov gay,75,BR,1569693810,-6.97,-34.84,69,82.4,9.17
329,aleksandrov gay,52,CA,1569693810,55.43,-116.48,57,37.97,2.44
330,aleksandrov gay,19,ML,1569693636,16.28,-0.04,10,101.51,6.38
331,aleksandrov gay,40,TC,1569693577,21.46,-71.14,66,87.8,4.7
332,aleksandrov gay,100,RU,1569693810,65.8,87.96,94,32.57,6.08
333,aleksandrov gay,90,FR,1569693810,47.55,-2.56,82,63.0,9.17
334,aleksandrov gay,90,MX,1569693811,15.74,-96.47,88,77.0,17.22
335,aleksandrov gay,100,PH,1569693811,8.0,124.29,89,73.99,3.0
336,aleksandrov gay,40,RU,1569693811,61.91,129.64,89,32.0,8.95
337,aleksandrov gay,40,GL,1569693578,69.22,-51.1,39,50.0,14.99
338,aleksandrov gay,75,CA,1569693643,52.97,-113.37,69,39.99,5.82
339,aleksandrov gay,0,GL,1569693811,66.94,-53.67,77,41.75,6.55
340,aleksandrov gay,0,TR,1569693551,41.28,28.0,82,69.01,8.05
341,aleksandrov gay,0,CN,1569693593,29.72,112.52,46,70.01,1.01
342,aleksandrov gay,90,CA,1569693335,43.26,-79.87,83,73.0,10.29
343,aleksandrov gay,100,RU,1569693812,57.84,108.35,73,34.01,4.54
344,aleksandrov gay,98,US,1569693587,37.17,-99.65,71,70.0,4.0
345,aleksandrov gay,0,PK,1569693592,28.9,64.41,7,82.25,8.79
346,aleksandrov gay,20,NG,1569693812,7.99,4.65,70,84.2,6.93
347,aleksandrov gay,0,FR,1569693791,43.1,5.88,68,73.0,18.34
348,aleksandrov gay,90,US,1569693751,38.09,-102.62,87,55.4,9.95
349,aleksandrov gay,20,CL,1569693812,-36.63,-71.83,63,62.6,6.93
350,aleksandrov gay,0,AR,1569693597,-51.62,-69.22,36,60.8,2.24
351,aleksandrov gay,40,MU,1569693612,-19.98,57.61,78,73.99,13.87
352,aleksandrov gay,20,PA,1569693812,8.53,-79.9,74,86.0,4.7
353,aleksandrov gay,100,LT,1569693813,55.34,26.16,98,50.57,5.61
354,aleksandrov gay,75,GA,1569693575,-0.72,8.78,88,78.8,8.05
355,aleksandrov gay,26,PH,1569693813,9.19,117.81,74,82.07,1.77
356,aleksandrov gay,96,IN,1569693813,19.61,75.79,80,76.31,6.06
357,aleksandrov gay,20,RU,1569693813,45.82,44.65,93,50.0,6.71
358,aleksandrov gay,0,CA,1569693814,50.56,-96.99,48,48.0,8.01
359,aleksandrov gay,40,IN,1569693814,12.31,75.11,88,80.6,2.24
360,aleksandrov gay,0,FR,1569693814,45.27,1.77,63,68.0,2.64
361,aleksandrov gay,75,PE,1569693592,-7.84,-79.15,82,64.4,12.75
362,aleksandrov gay,20,DE,1569693814,53.81,10.37,77,60.01,18.34
363,aleksandrov gay,45,AU,1569693632,-28.95,153.24,87,57.2,2.55
364,aleksandrov gay,0,LY,1569693814,29.14,21.3,34,82.61,6.08
365,aleksandrov gay,93,BR,1569693815,-25.01,-47.93,66,66.05,6.22
366,aleksandrov gay,100,PH,1569693815,16.36,119.86,73,83.69,5.41
367,aleksandrov gay,0,CN,1569693815,26.25,105.93,85,55.07,0.6
368,aleksandrov gay,20,IR,1569693673,28.94,53.65,36,78.8,2.37
369,aleksandrov gay,75,US,1569693563,20.89,-156.47,83,81.0,7.18
370,aleksandrov gay,100,NO,1569693815,61.11,10.47,98,46.0,1.01
371,aleksandrov gay,0,TM,1569693816,42.05,59.39,30,62.6,6.93
372,aleksandrov gay,96,IN,1569693816,22.49,92.98,97,71.27,1.74
373,aleksandrov gay,40,PL,1569693816,53.95,17.74,87,57.2,10.29
374,aleksandrov gay,20,IL,1569693816,31.8,34.94,65,79.0,3.36
375,aleksandrov gay,98,BR,1569693816,-2.1,-56.49,41,94.67,6.2
376,aleksandrov gay,81,PH,1569693816,18.47,120.58,83,81.71,12.95
377,aleksandrov gay,38,ML,1569693817,22.68,-3.98,6,103.85,10.31
378,aleksandrov gay,75,MX,1569693817,19.65,-101.92,73,73.4,4.05
379,aleksandrov gay,0,MA,1569693706,29.7,-9.73,86,69.29,4.29
380,aleksandrov gay,0,CL,1569693817,-33.73,-70.74,27,75.2,4.7
381,aleksandrov gay,40,US,1569693626,33.19,-82.53,55,91.0,3.36
382,aleksandrov gay,12,PF,1569693817,-16.52,-151.75,83,79.01,17.29
383,aleksandrov gay,86,MV,1569693817,2.67,72.89,74,82.97,8.41
384,aleksandrov gay,99,RU,1569693817,65.85,74.49,87,32.93,4.68
385,aleksandrov gay,40,PA,1569693818,8.46,-82.28,74,86.0,5.82
386,aleksandrov gay,95,RU,1569693818,50.85,142.66,77,54.89,9.8
387,aleksandrov gay,0,RU,1569693818,61.4,128.95,90,28.07,10.31
388,aleksandrov gay,60,RU,1569693818,53.05,158.65,76,32.0,8.95
389,aleksandrov gay,39,GY,1569693818,3.36,-59.84,46,92.51,2.93
390,aleksandrov gay,0,CL,1569693818,-33.58,-71.61,67,64.4,14.99
391,aleksandrov gay,6,SO,1569693640,9.49,50.81,66,78.29,18.45
392,aleksandrov gay,20,LA,1569693819,18.5,102.42,94,75.2,2.24
393,aleksandrov gay,5,AU,1569693819,-35.71,150.18,80,48.0,4.0
394,aleksandrov gay,75,NO,1569693819,58.62,8.93,93,55.4,4.7
395,aleksandrov gay,8,JP,1569693819,43.72,142.05,93,52.01,3.51
396,aleksandrov gay,0,TR,1569693819,36.62,29.12,69,77.0,3.36
397,aleksandrov gay,59,AO,1569693819,-11.78,19.91,22,70.19,3.29
398,aleksandrov gay,20,PF,1569693634,-17.73,-149.15,74,80.6,6.93
399,aleksandrov gay,15,KE,1569693820,3.12,35.6,28,91.79,2.46
400,aleksandrov gay,75,CD,1569693820,2.79,24.73,85,73.79,1.43
401,aleksandrov gay,80,IN,1569693820,14.06,78.75,82,74.87,3.53
402,aleksandrov gay,56,BR,1569693820,-16.43,-51.82,24,96.47,4.83
403,aleksandrov gay,40,NG,1569693820,9.67,8.4,83,75.2,10.29
404,aleksandrov gay,99,JP,1569693820,36.66,137.31,62,73.99,8.01
405,aleksandrov gay,100,ID,1569693821,-5.67,132.75,84,78.47,12.66
406,aleksandrov gay,47,BR,1569693821,-33.52,-53.37,64,64.25,9.31
407,aleksandrov gay,36,TZ,1569693821,-8.78,35.81,53,70.91,1.77
408,aleksandrov gay,75,RU,1569693821,54.87,56.75,80,37.0,6.71
409,aleksandrov gay,20,CV,1569693821,16.18,-22.92,66,86.0,11.41
410,aleksandrov gay,18,IN,1569693821,24.76,71.77,81,80.09,14.74
411,aleksandrov gay,40,BR,1569693822,-25.29,-49.22,68,73.99,6.93
412,aleksandrov gay,17,AU,1569693822,-13.85,136.42,88,66.2,1.95
413,aleksandrov gay,75,NO,1569693822,67.67,12.69,87,48.2,8.05
414,aleksandrov gay,30,AE,1569693488,24.47,54.37,76,89.45,10.22
415,aleksandrov gay,100,IN,1569693822,26.42,85.05,92,71.99,19.71
416,aleksandrov gay,75,US,1569693822,30.27,-94.2,59,89.6,11.41
417,aleksandrov gay,47,GW,1569693561,11.28,-15.83,84,80.81,13.33
418,aleksandrov gay,0,NE,1569693555,18.74,7.39,7,101.15,12.55
419,aleksandrov gay,98,NZ,1569693576,-45.41,167.72,77,44.81,9.93
420,aleksandrov gay,76,CA,1569693823,47.61,-57.61,78,54.17,18.97
421,aleksandrov gay,5,CN,1569693823,36.88,118.73,64,71.01,3.91
422,aleksandrov gay,59,AO,1569693823,-15.19,12.15,91,69.65,9.84
423,aleksandrov gay,0,NO,1569693577,62.91,6.91,76,53.6,6.93
424,aleksandrov gay,3,RU,1569693823,56.36,114.84,76,25.01,2.33
425,aleksandrov gay,35,PG,1569693548,-3.66,152.44,79,79.01,7.07
426,aleksandrov gay,75,BR,1569693823,-7.13,-34.94,69,82.4,9.17
427,aleksandrov gay,0,ZA,1569693824,-28.7,26.46,13,69.8,3.36
428,aleksandrov gay,0,NO,1569693574,63.83,10.7,62,59.0,23.04
429,aleksandrov gay,65,RU,1569693824,53.07,105.52,84,36.35,3.47
430,aleksandrov gay,75,US,1569693575,40.6,-124.16,71,61.0,5.82
431,aleksandrov gay,5,GL,1569693575,60.14,-45.24,66,44.99,3.29
432,aleksandrov gay,75,BR,1569693825,-23.68,-45.44,56,71.6,11.41
433,aleksandrov gay,70,RU,1569693825,51.55,44.84,58,48.23,4.88
434,aleksandrov gay,38,RU,1569693826,55.45,54.3,82,34.01,5.75
435,aleksandrov gay,66,RU,1569693826,52.08,59.73,81,35.99,9.62
436,aleksandrov gay,40,US,1569693826,42.03,-121.6,52,46.0,14.99
437,aleksandrov gay,0,BR,1569693607,-24.56,-54.06,34,86.21,4.99
438,aleksandrov gay,0,RU,1569693576,53.6,91.39,70,44.6,4.47
439,aleksandrov gay,10,RU,1569693827,58.84,125.49,96,25.91,3.44
440,aleksandrov gay,31,AL,1569693534,40.25,19.57,72,72.0,1.63
441,aleksandrov gay,90,RU,1569693828,43.12,132.36,100,59.0,2.24
442,aleksandrov gay,41,BR,1569693828,-2.0,-49.85,34,97.19,7.9
443,aleksandrov gay,0,MM,1569693828,22.03,96.47,79,77.21,5.28
444,aleksandrov gay,89,JP,1569693828,34.82,135.43,88,75.99,2.24
445,aleksandrov gay,20,RU,1569693828,48.03,40.04,58,59.0,4.47
446,aleksandrov gay,0,JP,1569693593,43.32,145.57,80,61.19,9.04
447,aleksandrov gay,20,BR,1569693829,-1.95,-54.74,59,89.6,8.05
448,aleksandrov gay,20,SN,1569693829,16.03,-16.5,70,87.8,6.93
449,aleksandrov gay,17,NA,1569693615,-18.06,13.84,36,73.25,10.0
450,aleksandrov gay,42,BR,1569693657,-9.01,-35.22,70,80.45,11.18
451,aleksandrov gay,35,RU,1569693829,53.94,139.92,93,48.77,9.71
452,aleksandrov gay,98,MX,1569693829,17.43,-99.15,75,74.33,2.33
453,aleksandrov gay,100,IN,1569693829,25.65,87.89,95,72.71,8.88
454,aleksandrov gay,67,ZA,1569693829,-28.55,16.43,90,59.03,6.85
455,aleksandrov gay,0,PY,1569693830,-25.3,-57.63,24,95.0,5.82
456,aleksandrov gay,0,JP,1569693830,44.01,144.25,82,53.81,6.49
457,aleksandrov gay,87,BR,1569693830,-0.97,-62.93,43,93.95,3.49
458,aleksandrov gay,40,MU,1569693582,-20.01,57.66,78,73.99,13.87
459,aleksandrov gay,1,US,1569693567,32.84,-104.4,83,78.01,18.34
460,aleksandrov gay,87,TZ,1569693830,-8.57,32.05,41,69.65,2.37
461,aleksandrov gay,0,NZ,1569693830,-35.62,174.5,93,43.0,8.81
462,aleksandrov gay,47,MW,1569693830,-11.61,34.3,52,65.69,2.95
463,aleksandrov gay,32,SD,1569693831,15.16,33.13,41,92.33,5.39
464,aleksandrov gay,78,JP,1569693831,35.58,135.2,96,67.49,3.8
465,aleksandrov gay,24,TD,1569693831,14.53,20.93,41,90.17,14.67
466,aleksandrov gay,75,AU,1569693831,-37.58,144.73,87,52.0,5.82
467,aleksandrov gay,20,BB,1569693580,13.22,-59.52,66,87.8,12.75
468,aleksandrov gay,93,NZ,1569693370,-45.87,170.5,86,48.99,1.01
469,aleksandrov gay,100,RU,1569693583,65.58,-170.99,99,39.59,5.21
470,aleksandrov gay,0,AR,1569693831,-32.48,-58.24,47,75.99,4.0
471,aleksandrov gay,100,NO,1569693832,70.03,20.97,84,40.49,11.99
472,aleksandrov gay,100,KZ,1569693832,44.18,66.74,23,57.05,13.06
473,aleksandrov gay,90,JP,1569693832,38.08,138.43,93,66.2,2.24
474,aleksandrov gay,40,DZ,1569693634,27.87,-0.29,10,105.8,13.87
475,aleksandrov gay,100,ID,1569693832,-2.08,101.38,97,71.27,0.56
476,aleksandrov gay,56,BW,1569693832,-23.98,21.76,10,65.33,4.72
477,aleksandrov gay,39,PG,1569693832,-3.15,142.36,86,75.77,4.09
478,aleksandrov gay,33,RU,1569693575,58.97,126.27,92,26.99,5.53
479,aleksandrov gay,20,PT,1569693833,38.8,-9.45,64,71.6,17.22
480,aleksandrov gay,75,FR,1569693833,48.94,2.36,63,64.4,9.17
481,aleksandrov gay,12,JP,1569693833,24.34,124.16,89,81.17,12.66
482,aleksandrov gay,0,CN,1569693834,48.0,122.72,66,43.37,4.18
483,aleksandrov gay,68,SA,1569693834,17.54,44.22,51,73.61,11.39
484,aleksandrov gay,41,ID,1569693834,-2.59,115.38,84,74.69,1.54
485,aleksandrov gay,0,RU,1569693834,52.63,126.75,59,36.53,13.98
486,aleksandrov gay,14,RU,1569693834,51.87,50.37,71,41.93,6.96
487,aleksandrov gay,0,ML,1569693834,18.9,-3.53,8,102.77,7.78
488,aleksandrov gay,100,BR,1569693835,-0.41,-65.02,39,98.63,1.14
489,aleksandrov gay,0,PE,1569693835,-4.58,-81.27,290,62.6,12.75
490,aleksandrov gay,39,TD,1569693559,13.3,19.7,43,89.81,17.9
491,aleksandrov gay,75,CA,1569693835,60.82,-115.79,60,41.0,5.82
492,aleksandrov gay,20,GB,1569693591,52.47,1.45,77,63.0,14.99
493,aleksandrov gay,100,RU,1569693835,66.69,34.34,92,43.55,6.53
494,aleksandrov gay,0,CL,1569693743,-32.73,-71.2,63,64.4,13.87
495,aleksandrov gay,100,NO,1569693835,69.67,29.98,86,39.2,8.05
496,aleksandrov gay,1,US,1569693836,42.87,-71.49,44,81.0,9.17
497,aleksandrov gay,0,AF,1569693836,33.97,68.95,18,48.59,1.72
498,aleksandrov gay,14,RU,1569693836,60.47,166.1,90,30.41,4.36
499,aleksandrov gay,0,RS,1569693836,44.37,19.6,67,60.8,3.36
500,aleksandrov gay,0,ES,1569693836,37.46,-3.92,17,86.0,6.93
501,aleksandrov gay,100,MX,1569693596,21.28,-97.45,75,82.97,4.59
502,aleksandrov gay,15,AR,1569693631,-38.55,-58.74,52,71.81,15.48
503,aleksandrov gay,100,RU,1569693837,67.56,30.47,93,42.65,5.46
504,aleksandrov gay,81,GN,1569693837,10.08,-12.83,85,78.29,4.09
505,aleksandrov gay,40,CA,1569693837,49.42,-82.43,61,50.0,2.24
506,aleksandrov gay,97,AU,1569693837,-41.05,145.91,87,44.81,7.36
507,aleksandrov gay,40,KG,1569693837,42.89,74.85,48,62.6,13.42
508,aleksandrov gay,0,IT,1569693838,39.17,8.53,57,80.6,8.05
509,aleksandrov gay,75,US,1569693838,40.58,-86.19,65,84.0,8.05
510,aleksandrov gay,43,RU,1569693838,54.09,52.54,83,33.83,5.3
511,aleksandrov gay,17,AU,1569693838,-33.48,150.16,93,51.01,2.24
512,aleksandrov gay,75,CA,1569693768,54.15,-113.85,80,43.0,6.93
513,aleksandrov gay,100,MV,1569693838,0.53,72.93,73,82.97,7.34
514,aleksandrov gay,75,VE,1569693839,7.24,-70.73,70,87.8,3.36
515,aleksandrov gay,70,ID,1569693839,-9.65,120.26,91,69.47,8.05
516,aleksandrov gay,40,AU,1569693638,-31.65,116.67,100,48.2,5.82
517,aleksandrov gay,100,RU,1569693839,58.45,92.17,94,37.07,11.25
518,aleksandrov gay,50,ZA,1569693581,-28.77,32.06,85,69.65,21.52
519,aleksandrov gay,100,PH,1569693839,12.18,125.51,86,79.37,8.63
520,aleksandrov gay,100,PH,1569693839,13.8,121.11,86,82.0,3.0
521,aleksandrov gay,40,IN,1569693599,28.58,77.04,78,78.8,9.17
522,aleksandrov gay,75,RU,1569693840,69.2,33.45,80,41.0,2.24
523,aleksandrov gay,95,ET,1569693840,7.14,40.71,80,62.81,3.51
524,aleksandrov gay,75,IN,1569693840,22.04,88.32,94,75.2,4.76
525,aleksandrov gay,75,NP,1569693840,27.71,85.32,88,66.2,2.24
526,aleksandrov gay,0,IR,1569693840,36.21,57.68,13,65.15,4.56
527,aleksandrov gay,0,ES,1569693840,36.68,-6.14,27,86.0,8.05
528,aleksandrov gay,82,SO,1569693841,4.12,43.89,45,81.53,10.78
529,aleksandrov gay,40,US,1569693246,44.02,-92.46,58,64.4,8.05
530,aleksandrov gay,95,CD,1569693841,-5.47,22.27,70,77.57,2.57
531,aleksandrov gay,100,CN,1569693841,45.63,85.18,52,64.43,13.85
532,aleksandrov gay,75,JP,1569693617,35.03,136.69,69,75.2,8.05
533,aleksandrov gay,75,CA,1569693617,53.65,-115.58,80,33.8,4.7
534,aleksandrov gay,29,KZ,1569693841,47.96,80.43,79,42.29,10.0
535,aleksandrov gay,1,US,1569693841,43.59,-96.57,44,62.01,13.87
536,aleksandrov gay,40,CL,1569693567,-45.58,-72.07,41,60.8,6.93
537,aleksandrov gay,0,EG,1569693557,25.34,30.55,25,85.13,11.12
538,aleksandrov gay,45,ZM,1569693842,-14.99,27.06,15,65.33,3.06
539,aleksandrov gay,0,IR,1569693563,28.97,50.84,74,87.8,4.68
540,aleksandrov gay,90,CA,1569693560,70.47,-68.59,100,37.4,8.05
541,aleksandrov gay,25,AR,1569693560,-43.3,-65.11,27,74.87,14.79
542,aleksandrov gay,1,US,1569693842,33.68,-116.18,39,82.99,6.93
543,aleksandrov gay,75,CA,1569693625,68.36,-133.71,86,30.2,3.36
544,aleksandrov gay,33,SB,1569693842,-8.15,159.59,82,79.91,7.27
545,aleksandrov gay,100,ZA,1569693562,-34.05,23.37,93,60.11,5.61
546,aleksandrov gay,98,CA,1569693634,48.65,-53.11,86,55.0,7.0
547,aleksandrov gay,75,RU,1569693615,53.14,59.15,69,33.8,4.47
548,aleksandrov gay,0,CN,1569693842,34.79,109.94,62,67.67,5.91
549,aleksandrov gay,94,RU,1569693843,50.14,48.57,49,53.27,9.1
